frame,type,left,reference,left_label,reference_label,iou
adasind_167700.jpg,mismatching_attributes,9,3,Pedestrian,Pedestrian,0.916
adasind_167700.jpg,mismatching_attributes,6,6,ThreeWheeler,ThreeWheeler,0.825
adasind_167700.jpg,mismatching_label,5,4,Truck,Car,0.793
adasind_167700.jpg,mismatching_attributes,2,5,Bike,Bike,0.603
adasind_167700.jpg,extra_annotation,7,,ThreeWheeler,,N/A
adasind_167700.jpg,missing_annotation,,2,,Bike,N/A
adasind_199770.jpg,mismatching_attributes,8,6,Bike,Bike,0.766
adasind_199770.jpg,mismatching_attributes,5,5,Bike,Bike,0.710
adasind_199770.jpg,mismatching_attributes,4,2,ThreeWheeler,ThreeWheeler,0.656
adasind_199770.jpg,mismatching_attributes,9,9,Bike,Bike,0.548
adasind_199770.jpg,extra_annotation,3,,ThreeWheeler,,N/A
adasind_199770.jpg,extra_annotation,10,,Pedestrian,,N/A
adasind_199770.jpg,missing_annotation,,3,,Pedestrian,N/A
adasind_199770.jpg,missing_annotation,,4,,ThreeWheeler,N/A
