round,slice,frame,object_ref,cell,what,why,severity,owner,rule_id,evidence,action,rules_version,note
calib,C0,adasind_019560.jpg,L1,na,SPURIOUS,,,,,,,,
calib,C0,adasind_019560.jpg,R4,na,MISSING,,,,,,,,
r1_craft,B3-dense,adasind_145860.jpg,L3,na,IGNORE_SCOPE,,,,,,,,
r1_craft,B3-dense,adasind_167700.jpg,L3,na,IGNORE_SCOPE,,,,,,,,
r1_craft,B3-dense,adasind_167700.jpg,L4,na,IGNORE_SCOPE,,,,,,,,
r1_craft,B3-dense,adasind_167700.jpg,L5+R4,na,WRONG_CLASS,,,,,,,,
r1_craft,B3-dense,adasind_167700.jpg,L7,na,SPURIOUS,,,,,,,,
r1_craft,B3-dense,adasind_167700.jpg,R2,na,MISSING,,,,,,,,
r1_craft,B3-dense,adasind_199770.jpg,L2,na,IGNORE_SCOPE,,,,,,,,
r1_craft,B3-dense,adasind_199770.jpg,L3,na,SPURIOUS,,,,,,,,
r1_craft,B3-dense,adasind_199770.jpg,L10,na,SPURIOUS,,,,,,,,
r1_craft,B3-dense,adasind_199770.jpg,R3,na,MISSING,,,,,,,,
r1_craft,B3-dense,adasind_199770.jpg,R4,na,MISSING,,,,,,,,
r3_diag,B3-dense,adasind_167700.jpg,L6+R6,LR_noM,MISSING,,,,,,,,
r3_diag,B3-dense,adasind_167700.jpg,L10+R7,LR_noM,MISSING,,,,,,,,
r3_diag,B3-dense,adasind_167700.jpg,L8+R9,LR_noM,MISSING,,,,,,,,
r3_diag,B3-dense,adasind_167700.jpg,L5,L_only,SPURIOUS,,,,,,,,
r3_diag,B3-dense,adasind_167700.jpg,L7,L_only,SPURIOUS,,,,,,,,
r3_diag,B3-dense,adasind_167700.jpg,R2+M7,RM_noL,MISSING,,,,,,,,
r3_diag,B3-dense,adasind_167700.jpg,R4+M4,RM_noL,MISSING,,,,,,,,
r3_diag,B3-dense,adasind_167700.jpg,M5,M_only,SPURIOUS,,,,,,,,
r3_diag,B3-dense,adasind_167700.jpg,M8,M_only,SPURIOUS,,,,,,,,
r3_diag,B3-dense,adasind_199770.jpg,L6+R7,LR_noM,MISSING,,,,,,,,
r3_diag,B3-dense,adasind_199770.jpg,L8+R6,LR_noM,MISSING,,,,,,,,
r3_diag,B3-dense,adasind_199770.jpg,L1+R8,LR_noM,MISSING,,,,,,,,
r3_diag,B3-dense,adasind_199770.jpg,L5+R5,LR_noM,MISSING,,,,,,,,
r3_diag,B3-dense,adasind_199770.jpg,L4+R2,LR_noM,MISSING,,,,,,,,
r3_diag,B3-dense,adasind_199770.jpg,L3,L_only,SPURIOUS,,,,,,,,
r3_diag,B3-dense,adasind_199770.jpg,L10+M9,LM_noR,SPURIOUS,,,,,,,,
r3_diag,B3-dense,adasind_199770.jpg,R3+M10,RM_noL,MISSING,,,,,,,,
r3_diag,B3-dense,adasind_199770.jpg,R4,R_only,MISSING,,,,,,,,
r3_diag,B3-dense,adasind_199770.jpg,M4,M_only,SPURIOUS,,,,,,,,
r3_diag,B3-dense,adasind_199770.jpg,M5,M_only,SPURIOUS,,,,,,,,
r3_diag,B3-dense,adasind_199770.jpg,M6,M_only,SPURIOUS,,,,,,,,
r3_diag,B3-dense,adasind_199770.jpg,M8,M_only,SPURIOUS,,,,,,,,
r3_diag,B3-dense,adasind_199770.jpg,M11,M_only,SPURIOUS,,,,,,,,
r3_diag,B3-dense,adasind_199770.jpg,M12,M_only,SPURIOUS,,,,,,,,
r3_diag,B3-dense,adasind_199770.jpg,M13,M_only,SPURIOUS,,,,,,,,
